Wire_ID,Origin_Connector,Origin_Pin,Signal_Name,Wire_Color,Wire_Gauge,Dest_Connector,Dest_Pin,Notes
W01,DEUTSCH_DTM12_MALE,1,VBAT_KL30,Red-White,AWG20 (0.50mm²),SUPERSEAL_4P_POWER,1,Permanent 12V Battery Power
W02,DEUTSCH_DTM12_MALE,2,IGNITION_KL15,Yellow-Red,AWG22 (0.34mm²),SUPERSEAL_4P_POWER,2,Switched Ignition 12V
W03,DEUTSCH_DTM12_MALE,3,VEHICLE_GND,Black-White,AWG20 (0.50mm²),SUPERSEAL_4P_POWER,3,Vehicle Main Ground (KL31)
W04,DEUTSCH_DTM12_MALE,4,CAN_H,Yellow,AWG24 (0.22mm²),SUPERSEAL_4P_POWER,CAN_H,CAN High (Twisted Pair with Pin 5)
W05,DEUTSCH_DTM12_MALE,5,CAN_L,Green,AWG24 (0.22mm²),SUPERSEAL_4P_POWER,CAN_L,CAN Low (Twisted Pair with Pin 4)
W06,DEUTSCH_DTM12_MALE,6,POD1_VCC,Red,AWG22 (0.34mm²),JWPF_2P_POD1,1,Pod 1 Switched 5V Power (Port 1 Left)
W07,DEUTSCH_DTM12_MALE,7,POD1_GND,Black,AWG22 (0.34mm²),JWPF_2P_POD1,2,Pod 1 Power Ground Return
W08,DEUTSCH_DTM12_MALE,8,POD2_VCC,Red,AWG22 (0.34mm²),JWPF_2P_POD2,1,Pod 2 Switched 5V Power (Port 2 Right)
W09,DEUTSCH_DTM12_MALE,9,POD2_GND,Black,AWG22 (0.34mm²),JWPF_2P_POD2,2,Pod 2 Power Ground Return
W10,DEUTSCH_DTM12_MALE,10,RADAR_PWR_12V,Red-Blue,AWG22 (0.34mm²),JWPF_2P_RADAR,1,Switched 12V Radar Power (KL15 protected)
W11,DEUTSCH_DTM12_MALE,11,RADAR_GND,Black-Blue,AWG22 (0.34mm²),JWPF_2P_RADAR,2,Radar Power Ground Return
W12,DEUTSCH_DTM12_MALE,12,CHASSIS_EARTH,Green-Yellow,AWG20 (0.50mm²),SUPERSEAL_4P_POWER,4,Direct Motorcycle Frame Earth / Shield
